# Ossuary rating table — generated by tools/FetchCodexData, do not edit
# snapshot	v0
# data_through	2026-09-28 06:25:04.266000
# total_runs	1896985
# coverage	cards 474/577  relics 296/296  potions 63/63
kind	bracket	character	id	score	win_rate	pick_rate	picks	tier
cards	all	all	ABRASIVE	83	52.8	40.3	57105	A
cards	all	all	ACCELERANT	38	39.2	32.5	38411	C
cards	all	all	ACCURACY	49	42.6	41.1	107575	B
cards	all	all	ACROBATICS	54	44	44.4	126501	B
cards	all	all	ADAPTIVE_STRIKE	41	40.1	20.9	26650	C
cards	all	all	ADRENALINE	83	52.7	64.2	68782	A
cards	all	all	AFTERIMAGE	80	51.8	55.4	50927	A
cards	all	all	AFTERLIFE	34	37.9	17.3	78356	C
cards	all	all	AGGRESSION	70	48.7	28.7	35327	A
cards	all	all	ALCHEMIZE	100	58	4	13631	S
cards	all	all	ALIGNMENT	45	41.4	32	58041	C
cards	all	all	ALL_FOR_ONE	81	52.1	31.7	46888	A
cards	all	all	ANGER	20	33.8	16.4	100903	D
cards	all	all	ANOINTED	100	67.3	1.6	7200	S
cards	all	all	ANTICIPATE	35	38.3	11.9	90489	C
cards	all	all	ARMAMENTS	2	28.4	21.7	84444	F
cards	all	all	ARSENAL	53	43.8	31.2	19997	B
cards	all	all	ASHEN_STRIKE	41	40.1	20.6	49836	C
cards	all	all	ASSASSINATE	81	52.2	32.5	52387	A
cards	all	all	ASTRAL_PULSE	17	32.8	14.1	90947	F
cards	all	all	AUTOMATION	76	50.6	13.9	29835	A
cards	all	all	BACKFLIP	53	43.6	30	195924	B
cards	all	all	BACKSTAB	43	40.6	27.5	84010	C
cards	all	all	BALL_LIGHTNING	11	31	20	113850	F
cards	all	all	BANSHEES_CRY	87	53.8	22.3	19349	S
cards	all	all	BARRAGE	11	31.1	11.2	47828	F
cards	all	all	BARRICADE	43	40.7	36.7	29022	C
cards	all	all	BATTLE_TRANCE	48	42.2	40.4	101085	B
cards	all	all	BEACON_OF_HOPE	100	64	17.1	20039	S
cards	all	all	BEAM_CELL	24	34.8	20.8	104339	D
cards	all	all	BEAT_DOWN	100	58.6	1.8	7452	S
cards	all	all	BEAT_INTO_SHAPE	57	44.9	26	29779	B
cards	all	all	BEGONE	46	41.5	18.5	88491	B
cards	all	all	BELIEVE_IN_YOU	78	51.1	24.3	51503	A
cards	all	all	BIG_BANG	83	52.5	67.5	59409	A
cards	all	all	BLACK_HOLE	46	41.6	29.9	82748	B
cards	all	all	BLADE_DANCE	46	41.7	35.7	194862	B
cards	all	all	BLADE_OF_INK	85	53.2	41.3	39988	S
cards	all	all	BLIGHT_STRIKE	20	33.7	14.1	75382	D
cards	all	all	BLOODLETTING	32	37.3	33.2	194573	C
cards	all	all	BLOOD_WALL	32	37.3	18.9	107650	C
cards	all	all	BLUDGEON	22	34.2	19.4	41725	D
cards	all	all	BLUR	57	44.8	35	90682	B
cards	all	all	BODY_SLAM	27	35.9	15.3	56781	D
cards	all	all	BOLAS	100	58.2	2.8	14442	S
cards	all	all	BOMBARDMENT	64	47.1	29.5	30457	B
cards	all	all	BONE_SHARDS	26	35.7	15.5	32995	D
cards	all	all	BOOST_AWAY	34	38	19.9	118560	C
cards	all	all	BOOT_SEQUENCE	40	39.6	37.7	84851	C
cards	all	all	BORROWED_TIME	33	37.6	33.9	46152	C
cards	all	all	BOUNCING_FLASK	32	37.2	22	46626	C
cards	all	all	BRAND	63	46.6	32.2	42701	B
cards	all	all	BREAKTHROUGH	15	32.2	13.6	96632	F
cards	all	all	BUBBLE_BUBBLE	41	39.9	25.3	54064	C
cards	all	all	BUFFER	56	44.6	30.9	27880	B
cards	all	all	BULK_UP	31	37	20.4	38992	D
cards	all	all	BULLET_TIME	56	44.5	26.9	37389	B
cards	all	all	BULLY	46	41.6	32.6	68646	B
cards	all	all	BULWARK	42	40.3	45.6	67841	C
cards	all	all	BUNDLE_OF_JOY	75	50.4	19.9	27104	A
cards	all	all	BURNING_PACT	43	40.5	29.3	68523	C
cards	all	all	BURST	61	46.1	35.9	43111	B
cards	all	all	BURY	37	38.8	10.2	20515	C
cards	all	all	CALAMITY	98	57.2	2.3	6882	S
cards	all	all	CALCIFY	35	38.4	19.2	37563	C
cards	all	all	CALCULATED_GAMBLE	64	47	38.7	89741	B
cards	all	all	CALL_OF_THE_VOID	65	47.4	36	31564	B
cards	all	all	CAPACITOR	28	36.1	42.4	99301	D
cards	all	all	CAPTURE_SPIRIT	41	40	34.7	61714	C
cards	all	all	CASCADE	61	46	27.7	29238	B
cards	all	all	CATASTROPHE	60	45.7	5.2	11483	B
cards	all	all	CELESTIAL_MIGHT	17	32.8	6	31903	F
cards	all	all	CHAOS	13	31.5	19.4	29530	F
cards	all	all	CHARGE	56	44.5	30.9	63079	B
cards	all	all	CHARGE_BATTERY	24	35.1	33	184021	D
cards	all	all	CHILD_OF_THE_STARS	47	42	34	84425	B
cards	all	all	CHILL	36	38.5	32.2	54981	C
cards	all	all	CINDER	7	29.8	4.9	30476	F
cards	all	all	CLAW	15	32.3	30.2	108718	F
cards	all	all	CLEANSE	55	44.2	20.9	43985	B
cards	all	all	CLOAK_AND_DAGGER	37	38.9	30.9	162334	C
cards	all	all	CLOAK_OF_STARS	37	38.8	21.7	126643	C
cards	all	all	COLD_SNAP	20	33.8	17.1	103444	D
cards	all	all	COLLISION_COURSE	34	38	9.7	61090	C
cards	all	all	COLOSSUS	56	44.6	44.3	105790	B
cards	all	all	COMET	76	50.5	30.7	38462	A
cards	all	all	COMPACT	35	38.3	34	64722	C
cards	all	all	COMPILE_DRIVER	44	40.8	9.8	58936	C
cards	all	all	CONFLAGRATION	55	44.1	29.9	41498	B
cards	all	all	CONQUEROR	51	43	31.6	65374	B
cards	all	all	CONSUMING_SHADOW	46	41.6	17.5	22294	B
cards	all	all	CONVERGENCE	51	43	39.1	73153	B
cards	all	all	COOLANT	63	46.5	22.7	28217	B
cards	all	all	COOLHEADED	21	34.1	25.9	125804	D
cards	all	all	COORDINATE	67	48	5.6	14009	A
cards	all	all	CORROSIVE_WAVE	65	47.3	25.5	38628	B
cards	all	all	COSMIC_INDIFFERENCE	49	42.5	26.1	139851	B
cards	all	all	COUNTDOWN	37	38.9	31	68345	C
cards	all	all	CRASH_LANDING	65	47.3	15.2	23010	B
cards	all	all	CREATIVE_AI	49	42.4	45.5	36248	B
cards	all	all	CRESCENT_SPEAR	27	35.8	13.9	69670	D
cards	all	all	CRIMSON_MANTLE	76	50.4	40.6	45717	A
cards	all	all	CRUELTY	38	39.1	46.3	48152	C
cards	all	all	CRUSH_UNDER	17	33	14.7	76558	F
cards	all	all	DAGGER_SPRAY	15	32.4	10.4	80750	F
cards	all	all	DAGGER_THROW	36	38.5	19	144058	C
cards	all	all	DANSE_MACABRE	55	44.2	13.4	36043	B
cards	all	all	DARKNESS	10	30.7	23.7	35258	F
cards	all	all	DARK_EMBRACE	59	45.4	20.4	20703	B
cards	all	all	DARK_SHACKLES	91	55.2	14.7	40419	S
cards	all	all	DASH	33	37.6	15.6	47594	C
cards	all	all	DEADLY_POISON	27	35.7	18.2	108163	D
cards	all	all	DEATHBRINGER	43	40.6	37.4	72735	C
cards	all	all	DEATHS_DOOR	46	41.6	26	56368	B
cards	all	all	DEATH_MARCH	37	38.9	12.5	25778	C
cards	all	all	DEBILITATE	67	47.9	34.7	59757	A
cards	all	all	DECISIONS_DECISIONS	80	51.7	41	46406	A
cards	all	all	DEFILE	22	34.5	9.4	56606	D
cards	all	all	DEFLECT	42	40.2	18.8	129646	C
cards	all	all	DEFRAGMENT	45	41.2	52.9	37733	C
cards	all	all	DEFY	43	40.8	30.3	164201	C
cards	all	all	DELAY	31	37	29.4	45940	D
cards	all	all	DEMESNE	57	45	57	34074	B
cards	all	all	DEMONIC_SHIELD	66	47.5	22.6	30656	B
cards	all	all	DEMON_FORM	47	41.7	38.3	42950	B
cards	all	all	DEVASTATE	29	36.4	14.8	33213	D
cards	all	all	DEVOUR_LIFE	48	42.2	31.3	28535	B
cards	all	all	DIRGE	34	38.1	36.2	48630	C
cards	all	all	DISCOVERY	57	45	13.5	24105	B
cards	all	all	DISMANTLE	36	38.7	26.2	67314	C
cards	all	all	DODGE_AND_ROLL	38	39.2	12.2	80356	C
cards	all	all	DOMINATE	55	44.3	50.3	86264	B
cards	all	all	DOUBLE_ENERGY	26	35.4	32.3	48983	D
cards	all	all	DRAIN_POWER	17	33	13.8	70080	F
cards	all	all	DRAMATIC_ENTRANCE	50	42.7	10.1	32546	B
cards	all	all	DREDGE	60	45.7	21.6	37640	B
cards	all	all	DRUM_OF_BATTLE	59	45.5	13.9	35955	B
cards	all	all	DYING_STAR	77	50.8	37	43789	A
cards	all	all	ECHOING_SLASH	40	39.7	15.3	35786	C
cards	all	all	ECHO_FORM	72	49.4	65.4	61323	A
cards	all	all	EIDOLON	48	42.3	5.7	10051	B
cards	all	all	END_OF_DAYS	53	43.6	35.5	35665	B
cards	all	all	ENERGY_SURGE	61	46.1	56.9	58873	B
cards	all	all	ENFEEBLING_TOUCH	61	46.1	48.5	83578	B
cards	all	all	ENTROPY	93	55.7	3.3	12452	S
cards	all	all	ENVENOM	52	43.4	37.6	41889	B
cards	all	all	EQUILIBRIUM	75	50.3	6.4	22919	A
cards	all	all	ERADICATE	66	47.5	22.2	24075	B
cards	all	all	ESCAPE_PLAN	68	48	38.9	105055	A
cards	all	all	ETERNAL_ARMOR	100	58.6	3	11492	S
cards	all	all	EVIL_EYE	43	40.7	22.2	60712	C
cards	all	all	EXPECT_A_FIGHT	26	35.5	21.9	37581	D
cards	all	all	EXPERTISE	61	46.1	13.2	36567	B
cards	all	all	EXPOSE	69	48.5	44.8	123455	A
cards	all	all	FAN_OF_KNIVES	82	52.4	44.6	67006	A
cards	all	all	FASTEN	48	42.3	16.6	36347	B
cards	all	all	FEAR	32	37.4	14.9	72064	C
cards	all	all	FEED	43	40.7	21	35027	C
cards	all	all	FEEL_NO_PAIN	58	45.1	18.9	63439	B
cards	all	all	FERAL	31	37	25.8	48761	D
cards	all	all	FETCH	53	43.7	28.9	70705	B
cards	all	all	FIEND_FIRE	70	48.7	17.7	28311	A
cards	all	all	FIGHT_ME	14	32.1	16	32000	F
cards	all	all	FIGHT_THROUGH	42	40.5	22.8	48818	C
cards	all	all	FINESSE	84	53	18.7	54733	A
cards	all	all	FINISHER	50	42.9	20.7	57078	B
cards	all	all	FISTICUFFS	67	47.8	7.8	24350	A
cards	all	all	FLAK_CANNON	62	46.3	29.7	30104	B
cards	all	all	FLAME_BARRIER	32	37.3	33.5	80850	C
cards	all	all	FLANKING	68	48.1	36.9	29490	A
cards	all	all	FLASH_OF_STEEL	80	51.8	14.3	47046	A
cards	all	all	FLATTEN	26	35.6	19	100291	D
cards	all	all	FLECHETTES	41	40	10.5	31375	C
cards	all	all	FLICK_FLACK	25	35.4	13.5	107945	D
cards	all	all	FOCUSED_STRIKE	4	29	13.2	64236	F
cards	all	all	FOOTWORK	49	42.4	37.7	111835	B
cards	all	all	FOREGONE_CONCLUSION	76	50.5	19.6	28223	A
cards	all	all	FORGOTTEN_RITUAL	55	44.2	21.1	57483	B
cards	all	all	FRIENDSHIP	67	47.8	38.7	93186	A
cards	all	all	FTL	39	39.3	25.3	68573	C
cards	all	all	FURNACE	40	39.7	32	67482	C
cards	all	all	FUSION	21	34	21.8	36390	D
cards	all	all	GAMMA_BLAST	58	45	24.5	61903	B
cards	all	all	GANG_UP	74	49.9	12.1	22441	A
cards	all	all	GATHER_LIGHT	38	39.1	36.3	190037	C
cards	all	all	GENESIS	57	44.8	45.6	41028	B
cards	all	all	GENETIC_ALGORITHM	47	41.8	26.3	35648	B
cards	all	all	GLACIER	43	40.6	37	76716	C
cards	all	all	GLASSWORK	23	34.7	23.3	49116	D
cards	all	all	GLIMMER	60	45.6	18	36056	B
cards	all	all	GLIMPSE_BEYOND	100	60.5	43.8	34262	S
cards	all	all	GLITTERSTREAM	31	37	15.9	82457	D
cards	all	all	GLOW	35	38.4	31.7	134346	C
cards	all	all	GOLD_AXE	100	60.2	7.4	23713	S
cards	all	all	GO_FOR_THE_EYES	26	35.5	22.2	113094	D
cards	all	all	GRAND_FINALE	46	41.5	7.1	17881	B
cards	all	all	GRAVEBLAST	40	39.9	16.7	70183	C
cards	all	all	GRAVE_WARDEN	38	39.3	34.8	183956	C
cards	all	all	GUARDS	81	52	24.7	35656	A
cards	all	all	GUIDING_STAR	33	37.5	10.6	61391	C
cards	all	all	GUNK_UP	22	34.5	11.3	61872	D
cards	all	all	HAILSTORM	40	39.8	20	53800	C
cards	all	all	HAMMER_TIME	71	49.1	30.3	16918	A
cards	all	all	HAND_OF_GREED	67	48	1.2	6845	A
cards	all	all	HAND_TRICK	45	41.2	19.5	46800	C
cards	all	all	HANG	64	46.9	32.9	36562	B
cards	all	all	HAUNT	46	41.4	23.8	58881	B
cards	all	all	HAVOC	23	34.6	6.3	35250	D
cards	all	all	HAZE	39	39.5	27.6	67230	C
cards	all	all	HEADBUTT	40	39.7	15.5	107500	C
cards	all	all	HEAVENLY_DRILL	62	46.3	22.4	16125	B
cards	all	all	HEGEMONY	32	37.4	16.4	33267	C
cards	all	all	HEIRLOOM_HAMMER	72	49.5	15.6	25121	A
cards	all	all	HELIX_DRILL	70	48.7	20.1	18836	A
cards	all	all	HELLRAISER	30	36.9	34.2	28811	D
cards	all	all	HEMOKINESIS	25	35.4	11.8	32515	D
cards	all	all	HIDDEN_CACHE	36	38.4	31.3	163709	C
cards	all	all	HIDDEN_DAGGERS	64	46.9	45.1	88020	B
cards	all	all	HIDDEN_GEM	75	50.3	13.6	33689	A
cards	all	all	HIGH_FIVE	39	39.6	24.4	50110	C
cards	all	all	HOLOGRAM	26	35.4	29.4	118607	D
cards	all	all	HOTFIX	21	33.9	22.5	105353	D
cards	all	all	HOWL_FROM_BEYOND	32	37.2	16.1	40204	C
cards	all	all	HUDDLE_UP	95	56.2	12.3	26904	S
cards	all	all	HYPERBEAM	40	39.8	9.3	14028	C
cards	all	all	ICE_LANCE	67	47.8	22.8	32973	A
cards	all	all	IGNITION	74	49.9	32.1	25659	A
cards	all	all	IMPATIENCE	83	52.6	5.1	16028	A
cards	all	all	IMPERVIOUS	78	51	31.7	52515	A
cards	all	all	INFERNAL_BLADE	25	35.2	26.5	48701	D
cards	all	all	INFERNO	36	38.4	18.5	44985	C
cards	all	all	INFINITE_BLADES	56	44.5	33.4	102301	B
cards	all	all	INFLAME	32	37.4	29.1	90159	C
cards	all	all	INTERCEPT	78	51.1	3.4	10143	A
cards	all	all	INVOKE	30	36.7	30.7	139541	D
cards	all	all	IRON_WAVE	23	34.7	14.1	88388	D
cards	all	all	ITERATION	53	43.7	18.9	53823	B
cards	all	all	I_AM_INVINCIBLE	71	49	23.2	35358	A
cards	all	all	JACKPOT	81	52	5.4	14804	A
cards	all	all	JACK_OF_ALL_TRADES	70	48.7	7.1	18184	A
cards	all	all	JUGGERNAUT	59	45.4	23.3	32235	B
cards	all	all	JUGGLING	45	41.2	12.9	41987	C
cards	all	all	KINGLY_KICK	21	34	12	25714	D
cards	all	all	KINGLY_PUNCH	18	33.1	13.1	26839	F
cards	all	all	KNIFE_TRAP	69	48.6	43.2	43645	A
cards	all	all	KNOCKDOWN	100	62.8	7.2	7289	S
cards	all	all	KNOCKOUT_BLOW	20	33.7	10.9	26073	D
cards	all	all	KNOW_THY_PLACE	40	39.9	23.4	115373	C
cards	all	all	LARGESSE	72	49.4	23.3	26744	A
cards	all	all	LEADING_STRIKE	45	41.2	26.4	179281	C
cards	all	all	LEAP	18	33.2	16.5	102933	F
cards	all	all	LEGION_OF_BONE	82	52.3	30	34152	A
cards	all	all	LEG_SWEEP	50	42.7	25.5	65087	B
cards	all	all	LETHALITY	37	38.8	38.9	69554	C
cards	all	all	LIFT	77	50.9	6.1	18043	A
cards	all	all	LIGHTNING_ROD	17	33	26.1	143904	F
cards	all	all	LOOP	22	34.3	33.2	67301	D
cards	all	all	LUNAR_BLAST	58	45.2	10.7	19404	B
cards	all	all	MACHINE_LEARNING	66	47.7	45.5	45418	B
cards	all	all	MAKE_IT_SO	79	51.4	27.6	36943	A
cards	all	all	MALAISE	85	53.4	19.1	26496	S
cards	all	all	MANGLE	73	49.6	23.7	32124	A
cards	all	all	MANIFEST_AUTHORITY	41	40.1	28.6	42599	C
cards	all	all	MASTER_OF_STRATEGY	100	66.2	7.6	35560	S
cards	all	all	MASTER_PLANNER	44	40.8	26.9	21828	C
cards	all	all	MAYHEM	100	58.6	6.5	18974	S
cards	all	all	MELANCHOLY	35	38.3	13.8	31138	C
cards	all	all	MEMENTO_MORI	35	38.3	8.3	25988	C
cards	all	all	METEOR_STRIKE	69	48.4	13.5	22903	A
cards	all	all	MIMIC	100	62.9	7.1	11492	S
cards	all	all	MIND_BLAST	68	48.2	4.8	12456	A
cards	all	all	MIRAGE	47	42	17.2	40793	B
cards	all	all	MISERY	81	51.9	38.2	49817	A
cards	all	all	MODDED	54	43.8	46	51928	B
cards	all	all	MOLTEN_FIST	42	40.3	30.8	167927	C
cards	all	all	MOMENTUM_STRIKE	15	32.4	13	73859	F
cards	all	all	MONARCHS_GAZE	65	47.2	21.4	18901	B
cards	all	all	MONOLOGUE	39	39.5	17	32459	C
cards	all	all	MULTI_CAST	46	41.6	17.4	23889	B
cards	all	all	MURDER	64	46.9	15.2	25209	B
cards	all	all	NECRO_MASTERY	69	48.6	34.1	40803	A
cards	all	all	NEGATIVE_PULSE	21	34.2	30.6	140503	D
cards	all	all	NEUROSURGE	91	54.9	40.5	42739	S
cards	all	all	NEUTRON_AEGIS	60	45.7	21.8	24512	B
cards	all	all	NIGHTMARE	59	45.4	22.2	26121	B
cards	all	all	NOSTALGIA	100	57.9	4.2	13127	S
cards	all	all	NOT_YET	69	48.4	32.6	43909	A
cards	all	all	NOXIOUS_FUMES	41	40	35.2	99673	C
cards	all	all	NO_ESCAPE	41	40.2	39.7	68079	C
cards	all	all	NULL	36	38.5	16.1	38171	C
cards	all	all	OBLIVION	70	48.9	36.5	43388	A
cards	all	all	OFFERING	78	51.2	50.4	59950	A
cards	all	all	OMNISLICE	45	41.4	8.1	26137	C
cards	all	all	ONE_TWO_PUNCH	51	43	32.8	39588	B
cards	all	all	ORBIT	41	40.1	37.4	60071	C
cards	all	all	OUTBREAK	45	41.3	19.5	68641	C
cards	all	all	OVERCLOCK	42	40.2	33.6	59125	C
cards	all	all	PACTS_END	65	47.3	22.7	32634	B
cards	all	all	PAGESTORM	58	45.1	12.6	28313	B
cards	all	all	PALE_BLUE_DOT	69	48.3	9.7	27413	A
cards	all	all	PANACHE	77	50.9	10.9	33934	A
cards	all	all	PANIC_BUTTON	78	51.1	2.4	10491	A
cards	all	all	PARRY	46	41.7	25.1	65078	B
cards	all	all	PARSE	66	47.6	18.9	40681	B
cards	all	all	PARTICLE_WALL	49	42.4	32.6	66887	B
cards	all	all	PATTER	38	39.2	20	75102	C
cards	all	all	PERFECTED_STRIKE	14	31.9	22.6	98609	F
cards	all	all	PHANTOM_BLADES	60	45.7	26.3	71336	B
cards	all	all	PHOTON_CUT	25	35.3	9.7	49565	D
cards	all	all	PIERCING_WAIL	56	44.7	34.8	214314	B
cards	all	all	PILLAGE	52	43.5	17.8	51703	B
cards	all	all	PILLAR_OF_CREATION	59	45.4	17.3	45465	B
cards	all	all	PINPOINT	40	39.6	12.5	39652	C
cards	all	all	POISONED_STAB	24	35.1	14.5	96961	D
cards	all	all	POKE	28	36.2	19	107909	D
cards	all	all	POMMEL_STRIKE	19	33.4	35.5	151217	F
cards	all	all	POUNCE	33	37.6	11.3	35909	C
cards	all	all	PRECISE_CUT	41	40.1	9.4	33756	C
cards	all	all	PREDATOR	33	37.8	6	35216	C
cards	all	all	PREPARED	34	38.1	41.8	190118	C
cards	all	all	PREP_TIME	59	45.4	6.5	18276	B
cards	all	all	PRIMAL_FORCE	37	38.8	14.7	22023	C
cards	all	all	PRODUCTION	70	48.8	21	53448	A
cards	all	all	PROLONG	62	46.5	10.6	21106	B
cards	all	all	PROPHESIZE	71	49	8.5	19120	A
cards	all	all	PROWESS	46	41.5	13.8	22904	B
cards	all	all	PULL_AGGRO	24	34.8	15.6	84379	D
cards	all	all	PULL_FROM_BELOW	44	41	13.1	25228	C
cards	all	all	PURITY	87	53.8	7.1	21692	S
cards	all	all	PUTREFY	61	46	31.1	61193	B
cards	all	all	PYRE	27	35.8	56	42140	D
cards	all	all	QUASAR	38	39.1	20.8	33139	C
cards	all	all	RADIATE	46	41.5	22.8	50127	B
cards	all	all	RAGE	32	37.3	32.7	76919	C
cards	all	all	RAINBOW	41	40.1	18.6	21353	C
cards	all	all	RALLY	100	64.9	9.4	15520	S
cards	all	all	RAMPAGE	15	32.3	18.1	39638	F
cards	all	all	RATTLE	35	38.1	17.7	38754	C
cards	all	all	REANIMATE	73	49.7	33.9	36305	A
cards	all	all	REAP	19	33.3	8.4	46802	F
cards	all	all	REAPER_FORM	58	45.3	41.9	40163	B
cards	all	all	REAVE	22	34.2	13.4	72337	D
cards	all	all	REBOOT	73	49.8	31	38634	A
cards	all	all	REFINE_BLADE	33	37.6	24.2	115684	C
cards	all	all	REFLECT	44	41	43.7	83457	C
cards	all	all	REFLEX	53	43.5	25.4	52471	B
cards	all	all	REFRACT	19	33.5	13.1	34137	F
cards	all	all	REND	100	62.4	1.3	5372	S
cards	all	all	RESONANCE	42	40.5	17.2	31493	C
cards	all	all	RESTLESSNESS	74	50.1	6.4	18794	A
cards	all	all	RICOCHET	30	36.8	14.6	101211	D
cards	all	all	RIGHT_HAND_HAND	47	42	20.6	50194	B
cards	all	all	ROCKET_PUNCH	35	38.4	16.4	32016	C
cards	all	all	ROLLING_BOULDER	81	52.1	4.5	18648	A
cards	all	all	ROYALTIES	61	45.9	20.8	28543	B
cards	all	all	ROYAL_GAMBLE	48	42.2	36.6	60572	B
cards	all	all	RUPTURE	29	36.4	23.2	61991	D
cards	all	all	SACRIFICE	52	43.4	12	14036	B
cards	all	all	SALVO	100	60.4	2.1	11055	S
cards	all	all	SCARE	41	39.9	20.5	23918	C
cards	all	all	SCAVENGE	45	41.4	24.6	37803	C
cards	all	all	SCOURGE	21	33.9	21.6	92891	D
cards	all	all	SCRAPE	43	40.7	13.7	34156	C
cards	all	all	SCRAWL	100	66.8	3	12394	S
cards	all	all	SCULPTING_STRIKE	46	41.4	8.2	37834	B
cards	all	all	SEANCE	68	48.2	27.7	25800	A
cards	all	all	SECOND_WIND	52	43.3	18.1	50292	B
cards	all	all	SECRET_TECHNIQUE	100	64.2	4.3	15030	S
cards	all	all	SECRET_WEAPON	100	61	3.1	13150	S
cards	all	all	SEEKER_STRIKE	75	50.2	4.8	17610	A
cards	all	all	SEEKING_EDGE	68	48.2	37	48915	A
cards	all	all	SENTRY_MODE	50	42.8	29.6	24661	B
cards	all	all	SERPENT_FORM	68	48.1	32.9	41824	A
cards	all	all	SETUP_STRIKE	20	33.9	17.1	104389	D
cards	all	all	SEVEN_STARS	53	43.7	26.1	30431	B
cards	all	all	SEVERANCE	49	42.5	19.4	46968	B
cards	all	all	SHADOWMELD	51	42.9	21	27410	B
cards	all	all	SHADOW_SHIELD	27	35.8	25.4	51426	D
cards	all	all	SHADOW_STEP	60	45.8	22.6	29691	B
cards	all	all	SHARED_FATE	89	54.4	19.8	24930	S
cards	all	all	SHATTER	46	41.7	28.4	42070	B
cards	all	all	SHINING_STRIKE	41	40.2	27.5	67762	C
cards	all	all	SHOCKWAVE	72	49.3	9.6	22507	A
cards	all	all	SHROUD	43	40.8	22.9	56597	C
cards	all	all	SHRUG_IT_OFF	35	38.3	33.3	224778	C
cards	all	all	SIC_EM	27	36	20.3	41573	D
cards	all	all	SIGNAL_BOOST	61	46.2	37	40777	B
cards	all	all	SKEWER	38	39.1	5.6	17316	C
cards	all	all	SKIM	56	44.4	27.1	51950	B
cards	all	all	SLEIGHT_OF_FLESH	41	40.2	23.8	52306	C
cards	all	all	SLICE	34	37.8	9.6	76579	C
cards	all	all	SMOKESTACK	38	39.1	19	43221	C
cards	all	all	SNAKEBITE	24	35.1	14.1	79565	D
cards	all	all	SNAP	36	38.6	14.1	89499	C
cards	all	all	SNEAKY	92	55.5	41.1	29051	S
cards	all	all	SOLAR_STRIKE	19	33.5	15.3	77590	F
cards	all	all	SOUL_STORM	58	45.2	21.8	28602	B
cards	all	all	SOW	8	30.2	9.6	61206	F
cards	all	all	SPECTRUM_SHIFT	43	40.6	22.5	38892	C
cards	all	all	SPEEDSTER	47	41.8	13.1	48855	B
cards	all	all	SPINNER	59	45.4	33.5	40227	B
cards	all	all	SPIRIT_OF_ASH	75	50.3	20.1	25422	A
cards	all	all	SPITE	40	39.8	14.5	38887	C
cards	all	all	SPLASH	60	45.9	11.5	19179	B
cards	all	all	SPOILS_OF_BATTLE	40	39.9	18.9	92584	C
cards	all	all	SPUR	33	37.8	30.9	55677	C
cards	all	all	SQUEEZE	48	42.2	22.8	21827	B
cards	all	all	STAMPEDE	20	33.9	25.6	52480	D
cards	all	all	STARDUST	32	37.2	26	45835	C
cards	all	all	STOKE	46	41.4	22.3	22373	B
cards	all	all	STOMP	27	35.9	21.2	59765	D
cards	all	all	STONE_ARMOR	39	39.4	22.9	65424	C
cards	all	all	STORM	28	36.3	27	56675	D
cards	all	all	STORM_OF_STEEL	75	50.3	28.4	41794	A
cards	all	all	STRANGLE	43	40.6	19.5	51635	C
cards	all	all	STRATAGEM	68	48.1	5.9	13665	A
cards	all	all	SUBROUTINE	36	38.7	34.6	69795	C
cards	all	all	SUCKER_PUNCH	29	36.4	8.6	62892	D
cards	all	all	SUMMON_FORTH	52	43.4	35.9	68800	B
cards	all	all	SUNDER	5	29.1	9.8	24393	F
cards	all	all	SUPERCRITICAL	69	48.4	42.2	55257	A
cards	all	all	SUPERMASSIVE	50	42.8	14.4	25141	B
cards	all	all	SWEEPING_BEAM	15	32.4	11.6	70740	F
cards	all	all	SWORD_BOOMERANG	24	35	9.8	57488	D
cards	all	all	SWORD_SAGE	55	44.4	39.4	27899	B
cards	all	all	SYNCHRONIZE	22	34.4	16.7	26570	D
cards	all	all	SYNTHESIS	37	38.9	10.1	29782	C
cards	all	all	TACTICIAN	34	37.9	32	60771	C
cards	all	all	TAG_TEAM	83	52.6	6.3	19679	A
cards	all	all	TANK	92	55.5	8.7	10384	S
cards	all	all	TAUNT	36	38.7	37.6	105095	C
cards	all	all	TEAR_ASUNDER	69	48.3	22.9	24539	A
cards	all	all	TEMPEST	25	35.4	25.2	42007	D
cards	all	all	TERRAFORMING	36	38.5	12.5	26274	C
cards	all	all	TESLA_COIL	19	33.5	24.2	56066	F
cards	all	all	THE_BOMB	36	38.7	5.1	15992	C
cards	all	all	THE_GAMBIT	91	55.1	1.7	7143	S
cards	all	all	THE_HUNT	48	42	13.8	31005	B
cards	all	all	THE_SCYTHE	35	38.3	18.4	22632	C
cards	all	all	THE_SMITH	51	43.1	36.3	38712	B
cards	all	all	THINKING_AHEAD	85	53.3	7.5	18066	S
cards	all	all	THRASH	66	47.7	26.2	47498	B
cards	all	all	THRUMMING_HATCHET	45	41.4	3.8	13641	C
cards	all	all	THUNDER	30	36.8	33.9	83673	D
cards	all	all	THUNDERCLAP	29	36.6	17.6	124064	D
cards	all	all	TIMES_UP	51	43	26.9	27777	B
cards	all	all	TOOLS_OF_THE_TRADE	77	50.9	40	44903	A
cards	all	all	TRACKING	65	47.4	35	32584	B
cards	all	all	TRANSFIGURE	55	44.4	36.3	31768	B
cards	all	all	TRASH_TO_TREASURE	57	44.7	28.4	28841	B
cards	all	all	TREMBLE	36	38.7	24.5	185024	C
cards	all	all	TRUE_GRIT	10	30.8	15.8	68469	F
cards	all	all	TURBO	33	37.7	28	110906	C
cards	all	all	TWIN_STRIKE	23	34.7	15.6	96421	D
cards	all	all	TYRANNY	69	48.6	23.9	22263	A
cards	all	all	ULTIMATE_DEFEND	60	45.6	8.6	69005	B
cards	all	all	ULTIMATE_STRIKE	50	42.7	4.1	70972	B
cards	all	all	UNDEATH	64	47.1	32.6	38771	B
cards	all	all	UNMOVABLE	53	43.7	42.1	33452	B
cards	all	all	UNRELENTING	29	36.4	19.6	48056	D
cards	all	all	UNTOUCHABLE	42	40.2	17.3	125432	C
cards	all	all	UPPERCUT	27	35.9	25.4	47907	D
cards	all	all	UPROAR	23	34.8	8.9	45814	D
cards	all	all	UP_MY_SLEEVE	43	40.8	36.7	78434	C
cards	all	all	VEILPIERCER	53	43.8	16.4	30022	B
cards	all	all	VICIOUS	40	39.9	21.2	63274	C
cards	all	all	VOID_FORM	66	47.5	57.8	49656	B
cards	all	all	VOLLEY	53	43.6	3.9	10972	B
cards	all	all	VOLTAIC	23	34.6	35	26211	D
cards	all	all	WELL_LAID_PLANS	7	29.8	24	25044	F
cards	all	all	WHIRLWIND	23	34.8	21.9	45802	D
cards	all	all	WHITE_NOISE	25	35.4	49.3	69254	D
cards	all	all	WISP	40	39.6	32.1	158624	C
cards	all	all	WROUGHT_IN_WAR	25	35.3	15.1	81054	D
potions	all	all	ASHWATER	36	33.3		12588	C
potions	all	all	ATTACK_POTION	51	37.7		18903	B
potions	all	all	BEETLE_JUICE	61	40.6		6497	B
potions	all	all	BLESSING_OF_THE_FORGE	58	39.7		34722	B
potions	all	all	BLOCK_POTION	100	54.6		28593	S
potions	all	all	BLOOD_POTION	100	78.5		14379	S
potions	all	all	BONE_BREW	45	36		1363	C
potions	all	all	BOTTLED_POTENTIAL	64	41.6		11823	B
potions	all	all	CLARITY	23	29.3		17311	C
potions	all	all	COLORLESS_POTION	36	33.2		16656	C
potions	all	all	COSMIC_CONCOCTION	81	47.3		807	A
potions	all	all	CUNNING_POTION	70	43.5		2278	B
potions	all	all	CURE_ALL	66	42.2		10990	B
potions	all	all	DEXTERITY_POTION	0	21.9		60599	D
potions	all	all	DISTILLED_CHAOS	64	41.8		3423	B
potions	all	all	DROPLET_OF_PRECOGNITION	48	36.9		9923	B
potions	all	all	DUPLICATOR	74	44.6		43790	A
potions	all	all	ENERGY_POTION	57	39.4		74036	B
potions	all	all	ENTROPIC_BREW	92	50.1		5787	A
potions	all	all	ESSENCE_OF_DARKNESS	43	35.4		1363	C
potions	all	all	EXPLOSIVE_AMPOULE	25	29.9		44232	C
potions	all	all	FAIRY_IN_A_BOTTLE	100	92.8		59705	S
potions	all	all	FIRE_POTION	53	38.2		46388	B
potions	all	all	FLEX_POTION	35	33		105795	C
potions	all	all	FOCUS_POTION	0	10.3		8580	D
potions	all	all	FORTIFIER	100	57.6		34334	S
potions	all	all	FOUL_POTION	0	19.7		21230	D
potions	all	all	FRUIT_JUICE	15	26.6		1558	C
potions	all	all	FYSH_OIL	0	17.6		19529	D
potions	all	all	GAMBLERS_BREW	64	41.7		27904	B
potions	all	all	GHOST_IN_A_JAR	100	79.9		4787	S
potions	all	all	GIGANTIFICATION_POTION	63	41.3		21617	B
potions	all	all	GLOWWATER_POTION	0	10.3		7190	D
potions	all	all	HEART_OF_IRON	49	37.1		9073	B
potions	all	all	KINGS_COURAGE	1	22.5		3634	D
potions	all	all	LIQUID_BRONZE	0	11.5		17675	D
potions	all	all	LIQUID_MEMORIES	88	48.9		9941	A
potions	all	all	LUCKY_TONIC	100	68.7		20030	S
potions	all	all	MAZALETHS_GIFT	0	10.3		11231	D
potions	all	all	OROBIC_ACID	44	35.7		4030	C
potions	all	all	POISON_POTION	0	21.6		5008	D
potions	all	all	POTION_OF_BINDING	45	36		12734	C
potions	all	all	POTION_OF_CAPACITY	0	8.1		7450	D
potions	all	all	POTION_OF_DOOM	11	25.6		6557	C
potions	all	all	POTION_SHAPED_ROCK	94	50.6		18484	A
potions	all	all	POT_OF_GHOULS	67	42.5		1389	B
potions	all	all	POWDERED_DEMISE	0	13		16329	D
potions	all	all	POWER_POTION	0	18.5		22188	D
potions	all	all	RADIANT_TINCTURE	42	35		24642	C
potions	all	all	REGEN_POTION	99	52.1		12303	A
potions	all	all	SHACKLING_POTION	100	54.7		7077	S
potions	all	all	SHIP_IN_A_BOTTLE	100	56.8		3858	S
potions	all	all	SKILL_POTION	48	36.9		18058	B
potions	all	all	SNECKO_OIL	60	40.3		6911	B
potions	all	all	SOLDIERS_STEW	0	17		2133	D
potions	all	all	SPEED_POTION	66	42.2		99550	B
potions	all	all	STABLE_SERUM	13	26.3		55840	C
potions	all	all	STAR_POTION	17	27.4		16216	C
potions	all	all	STRENGTH_POTION	0	16.1		62180	D
potions	all	all	SWIFT_POTION	46	36.3		44796	C
potions	all	all	TOUCH_OF_INSANITY	57	39.4		37360	B
potions	all	all	VULNERABLE_POTION	13	26.4		69130	C
potions	all	all	WEAK_POTION	53	38.4		35004	B
relics	all	all	AKABEKO	65	56.1		219637	C
relics	all	all	ALCHEMICAL_COFFER	46	50.5		25200	C
relics	all	all	AMETHYST_AUBERGINE	41	48.9		298842	C
relics	all	all	ANCHOR	66	56.4		422770	C
relics	all	all	ARCANE_SCROLL	0	29.6		226749	D
relics	all	all	ARCHAIC_TOOTH	22	43.2		135163	D
relics	all	all	ART_OF_WAR	69	57.2		100843	B
relics	all	all	ASTROLABE	60	54.7		47752	C
relics	all	all	BAG_OF_MARBLES	63	55.5		366340	C
relics	all	all	BAG_OF_PREPARATION	69	57.3		428017	B
relics	all	all	BEATING_REMNANT	70	57.7		88056	B
relics	all	all	BEAUTIFUL_BRACELET	100	78		35900	S
relics	all	all	BELLOWS	82	61.1		131966	B
relics	all	all	BELT_BUCKLE	88	63		29146	A
relics	all	all	BIG_HAT	96	65.6		9588	A
relics	all	all	BIG_MUSHROOM	88	63.2		46910	A
relics	all	all	BIIIG_HUG	49	51.4		30257	C
relics	all	all	BING_BONG	40	48.7		53675	C
relics	all	all	BLACK_BLOOD	12	40.2		30464	D
relics	all	all	BLACK_STAR	51	51.9		34588	C
relics	all	all	BLESSED_ANTLER	100	69.7		42321	S
relics	all	all	BLOOD_SOAKED_ROSE	96	65.3		33102	A
relics	all	all	BLOOD_VIAL	59	54.4		397081	C
relics	all	all	BONE_FLUTE	90	63.7		57557	A
relics	all	all	BONE_TEA	4	37.7		62048	D
relics	all	all	BOOKMARK	81	60.9		9251	B
relics	all	all	BOOK_OF_FIVE_RINGS	43	49.6		288323	C
relics	all	all	BOOK_REPAIR_KNIFE	82	61.3		26238	B
relics	all	all	BOOMING_CONCH	0	32.4		70579	D
relics	all	all	BOUND_PHYLACTERY	0	31.3		501165	D
relics	all	all	BOWLER_HAT	40	48.8		166359	C
relics	all	all	BREAD	89	63.3		50837	A
relics	all	all	BRILLIANT_SCARF	100	73.7		38991	S
relics	all	all	BRIMSTONE	58	53.9		6465	C
relics	all	all	BRONZE_SCALES	64	56		395563	C
relics	all	all	BURNING_BLOOD	0	30.7		601837	D
relics	all	all	BURNING_STICKS	100	68.5		32739	S
relics	all	all	BYRDPIP	0	34.5		45689	D
relics	all	all	CALLING_BELL	48	50.9		35381	C
relics	all	all	CANDELABRA	72	58.2		242816	B
relics	all	all	CAPTAINS_WHEEL	78	59.9		106219	B
relics	all	all	CAULDRON	100	71.1		10119	S
relics	all	all	CENTENNIAL_PUZZLE	69	57.2		386537	B
relics	all	all	CHANDELIER	79	60.4		109878	B
relics	all	all	CHARONS_ASHES	79	60.3		12125	B
relics	all	all	CHEMICAL_X	98	66		30297	A
relics	all	all	CHOICES_PARADOX	95	65.1		50281	A
relics	all	all	CHOSEN_CHEESE	16	41.6		157761	D
relics	all	all	CIRCLET	73	60		235	B
relics	all	all	CLAWS	94	65		28609	A
relics	all	all	CLOAK_CLASP	84	62		105026	B
relics	all	all	CRACKED_CORE	0	29.3		485633	D
relics	all	all	CROSSBOW	100	76.7		40117	S
relics	all	all	CURSED_PEARL	0	31.7		150327	D
relics	all	all	DARKSTONE_PERIAPT	0	34.8		21489	D
relics	all	all	DATA_DISK	81	60.9		66359	B
relics	all	all	DAUGHTER_OF_THE_WIND	54	52.8		71341	C
relics	all	all	DELICATE_FROND	100	72.6		32907	S
relics	all	all	DEMON_TONGUE	78	60.1		13228	B
relics	all	all	DIAMOND_DIADEM	100	69.1		20815	S
relics	all	all	DINGY_RUG	77	59.8		24909	B
relics	all	all	DISTINGUISHED_CAPE	99	66.4		36289	A
relics	all	all	DIVINE_DESTINY	34	46.7		24824	C
relics	all	all	DIVINE_RIGHT	0	33		489614	D
relics	all	all	DOLLYS_MIRROR	97	65.7		70832	A
relics	all	all	DRAGON_FRUIT	63	55.4		48092	C
relics	all	all	DREAM_CATCHER	0	33.1		23568	D
relics	all	all	DRIFTWOOD	33	46.4		41815	D
relics	all	all	DUSTY_TOME	57	53.8		51479	C
relics	all	all	ECTOPLASM	38	48.1		4848	C
relics	all	all	ELECTRIC_SHRYMP	40	48.7		55778	C
relics	all	all	EMBER_TEA	2	37.3		22506	D
relics	all	all	EMOTION_CHIP	71	57.8		9613	B
relics	all	all	EMPTY_CAGE	51	51.8		35054	C
relics	all	all	ETERNAL_FEATHER	69	57.4		233866	B
relics	all	all	FAKE_ANCHOR	51	52		24624	C
relics	all	all	FAKE_BLOOD_VIAL	34	46.9		20996	C
relics	all	all	FAKE_HAPPY_FLOWER	56	53.3		29023	C
relics	all	all	FAKE_LEES_WAFFLE	25	44.1		19320	D
relics	all	all	FAKE_MANGO	43	49.4		19707	C
relics	all	all	FAKE_MERCHANTS_RUG	84	62.2		1035	B
relics	all	all	FAKE_ORICHALCUM	42	49.2		10624	C
relics	all	all	FAKE_SNECKO_EYE	0	33		1399	D
relics	all	all	FAKE_STRIKE_DUMMY	34	46.9		10869	C
relics	all	all	FAKE_VENERABLE_TEA_SET	56	53.5		24005	C
relics	all	all	FENCING_MANUAL	86	62.5		60592	A
relics	all	all	FESTIVE_POPPER	63	55.5		349351	C
relics	all	all	FIDDLE	100	72.1		22464	S
relics	all	all	FISHING_ROD	0	30.1		79632	D
relics	all	all	FORGOTTEN_SOUL	100	67.2		65433	S
relics	all	all	FRAGRANT_MUSHROOM	100	70		96130	S
relics	all	all	FRESNEL_LENS	0	28		89917	D
relics	all	all	FROZEN_EGG	52	52.2		82496	C
relics	all	all	FUNERARY_MASK	95	65.1		31092	A
relics	all	all	FUR_COAT	100	70.1		44009	S
relics	all	all	GALACTIC_DUST	85	62.3		29123	A
relics	all	all	GAMBLING_CHIP	76	59.4		108586	B
relics	all	all	GAME_PIECE	80	60.6		102646	B
relics	all	all	GHOST_SEED	87	62.6		41459	A
relics	all	all	GIRYA	47	50.7		77866	C
relics	all	all	GLASS_EYE	21	43.1		52041	D
relics	all	all	GLITTER	100	71.7		55799	S
relics	all	all	GNARLED_HAMMER	87	62.9		40162	A
relics	all	all	GOLDEN_COMPASS	64	55.8		59481	C
relics	all	all	GOLDEN_PEARL	0	32.4		137622	D
relics	all	all	GOLD_PLATED_CABLES	72	58.4		23052	B
relics	all	all	GORGET	67	56.7		411699	B
relics	all	all	GREMLIN_HORN	63	55.4		220744	C
relics	all	all	HAND_DRILL	0	36.4		20948	D
relics	all	all	HAPPY_FLOWER	67	56.6		425816	B
relics	all	all	HEFTY_TABLET	0	27.4		183810	D
relics	all	all	HELICAL_DART	86	62.6		13038	A
relics	all	all	HISTORY_COURSE	100	88.7		30392	S
relics	all	all	HORN_CLEAT	75	59.1		234570	B
relics	all	all	ICE_CREAM	80	60.7		113818	B
relics	all	all	INFUSED_CORE	14	41		26665	D
relics	all	all	INTIMIDATING_HELMET	78	60		100612	B
relics	all	all	IRON_CLUB	100	79.5		41079	S
relics	all	all	IVORY_TILE	90	63.8		9294	A
relics	all	all	JEWELED_MASK	100	67.7		74519	S
relics	all	all	JEWELRY_BOX	100	72.3		44053	S
relics	all	all	JOSS_PAPER	67	56.6		178857	B
relics	all	all	JUZU_BRACELET	38	48		314975	C
relics	all	all	KALEIDOSCOPE	0	28.9		87590	D
relics	all	all	KIFUDA	95	65.1		54791	A
relics	all	all	KUNAI	76	59.5		107314	B
relics	all	all	KUSARIGAMA	64	55.9		210082	C
relics	all	all	LANTERN	63	55.6		441748	C
relics	all	all	LARGE_CAPSULE	0	31.4		155951	D
relics	all	all	LASTING_CANDY	40	48.6		160966	C
relics	all	all	LAVA_LAMP	94	64.8		21334	A
relics	all	all	LAVA_ROCK	0	34.7		68952	D
relics	all	all	LEAD_PAPERWEIGHT	0	31.6		147588	D
relics	all	all	LEAFY_POULTICE	0	34.5		180619	D
relics	all	all	LEES_WAFFLE	73	58.4		62232	B
relics	all	all	LETTER_OPENER	65	56.1		219888	C
relics	all	all	LIZARD_TAIL	88	63.1		111701	A
relics	all	all	LOOMING_FRUIT	100	68.8		40277	S
relics	all	all	LORDS_PARASOL	97	65.9		32895	A
relics	all	all	LOST_COFFER	0	31.1		114705	D
relics	all	all	LOST_WISP	46	50.5		31889	C
relics	all	all	LUCKY_FYSH	43	49.4		165013	C
relics	all	all	LUNAR_PASTRY	97	65.9		14263	A
relics	all	all	MANGO	78	60.1		110148	B
relics	all	all	MASSIVE_SCROLL	26	44.4		112007	D
relics	all	all	MAW_BANK	5	38		17655	D
relics	all	all	MEAL_TICKET	42	49.1		315958	C
relics	all	all	MEAT_CLEAVER	100	72.9		44932	S
relics	all	all	MEAT_ON_THE_BONE	72	58.1		105266	B
relics	all	all	MEMBERSHIP_CARD	73	58.5		111502	B
relics	all	all	MERCURY_HOURGLASS	69	57.3		218670	B
relics	all	all	METRONOME	73	58.5		12153	B
relics	all	all	MINIATURE_CANNON	67	56.7		196572	B
relics	all	all	MINIATURE_TENT	83	61.7		128493	B
relics	all	all	MINI_REGENT	84	62		10518	B
relics	all	all	MOLTEN_EGG	49	51.4		82128	C
relics	all	all	MR_STRUGGLES	46	50.3		57915	C
relics	all	all	MUMMIFIED_HAND	83	61.6		113360	B
relics	all	all	MUSIC_BOX	100	70.9		48989	S
relics	all	all	MYSTIC_LIGHTER	94	65		29075	A
relics	all	all	NEOWS_BONES	0	29.7		139451	D
relics	all	all	NEOWS_TALISMAN	0	30.4		38148	D
relics	all	all	NEOWS_TORMENT	0	32.5		65974	D
relics	all	all	NEW_LEAF	0	33.6		147857	D
relics	all	all	NINJA_SCROLL	83	61.6		14215	B
relics	all	all	NUNCHAKU	66	56.4		227295	C
relics	all	all	NUTRITIOUS_OYSTER	0	31.2		59309	D
relics	all	all	NUTRITIOUS_SOUP	24	43.8		83280	D
relics	all	all	ODDLY_SMOOTH_STONE	65	56		412032	C
relics	all	all	OLD_COIN	54	52.7		77406	C
relics	all	all	ORANGE_DOUGH	90	63.6		9462	A
relics	all	all	ORICHALCUM	66	56.4		218941	C
relics	all	all	ORNAMENTAL_FAN	68	57		235790	B
relics	all	all	ORRERY	78	60.2		66823	B
relics	all	all	PAELS_BLOOD	50	51.8		75130	C
relics	all	all	PAELS_CLAW	26	44.4		42602	D
relics	all	all	PAELS_EYE	23	43.5		22974	D
relics	all	all	PAELS_FLESH	21	42.8		100711	D
relics	all	all	PAELS_GROWTH	20	42.6		40266	D
relics	all	all	PAELS_HORN	12	40.4		44867	D
relics	all	all	PAELS_LEGION	34	46.9		44743	C
relics	all	all	PAELS_TEARS	20	42.7		82395	D
relics	all	all	PAELS_TOOTH	27	44.8		49381	D
relics	all	all	PAELS_WING	20	42.7		85114	D
relics	all	all	PANDORAS_BOX	65	56.1		40260	C
relics	all	all	PANTOGRAPH	70	57.7		240040	B
relics	all	all	PAPER_KRANE	99	66.5		17268	A
relics	all	all	PAPER_PHROG	81	61.1		43668	B
relics	all	all	PARRYING_SHIELD	67	56.7		218437	B
relics	all	all	PEAR	71	57.8		234055	B
relics	all	all	PENDULUM	67	56.6		390025	B
relics	all	all	PEN_NIB	67	56.9		224951	B
relics	all	all	PERMAFROST	69	57.3		254571	B
relics	all	all	PETRIFIED_TOAD	63	55.6		210532	C
relics	all	all	PHIAL_HOLSTER	0	32.3		69291	D
relics	all	all	PHILOSOPHERS_STONE	76	59.5		6861	B
relics	all	all	PHYLACTERY_UNBOUND	45	50.1		32598	C
relics	all	all	PLANISPHERE	44	49.9		174812	C
relics	all	all	POCKETWATCH	84	62		100210	B
relics	all	all	POLLINOUS_CORE	79	60.2		43912	B
relics	all	all	POMANDER	0	32.1		70727	D
relics	all	all	POTION_BELT	63	55.6		405964	C
relics	all	all	POWER_CELL	77	59.7		9842	B
relics	all	all	PRAYER_WHEEL	69	57.3		106157	B
relics	all	all	PRECARIOUS_SHEARS	5	38		144488	D
relics	all	all	PRECISE_SCISSORS	0	35.5		87604	D
relics	all	all	PRESERVED_FOG	100	69		44980	S
relics	all	all	PRISMATIC_GEM	56	53.5		22747	C
relics	all	all	PUMPKIN_CANDLE	48	51.1		35927	C
relics	all	all	PUNCH_DAGGER	81	60.9		51480	B
relics	all	all	RADIANT_PEARL	46	50.5		33747	C
relics	all	all	RAINBOW_RING	79	60.4		104972	B
relics	all	all	RAZOR_TOOTH	77	59.8		111664	B
relics	all	all	RED_MASK	65	56		361027	C
relics	all	all	RED_SKULL	81	60.9		72525	B
relics	all	all	REGALITE	91	64.1		22039	A
relics	all	all	REGAL_PILLOW	59	54.4		406619	C
relics	all	all	REPTILE_TRINKET	61	55		209818	C
relics	all	all	RINGING_TRIANGLE	100	70.9		25287	S
relics	all	all	RING_OF_THE_DRAKE	53	52.4		23847	C
relics	all	all	RING_OF_THE_SNAKE	0	32.7		609360	D
relics	all	all	RIPPLE_BASIN	65	56.2		192411	C
relics	all	all	ROYAL_POISON	83	61.6		21466	B
relics	all	all	ROYAL_STAMP	96	65.5		70571	A
relics	all	all	RUINED_HELMET	83	61.6		16713	B
relics	all	all	RUNIC_CAPACITOR	75	59.2		17231	B
relics	all	all	RUNIC_PYRAMID	84	62		33117	B
relics	all	all	SAI	100	76.2		57722	S
relics	all	all	SAND_CASTLE	29	45.3		46815	D
relics	all	all	SCREAMING_FLAGON	79	60.3		21943	B
relics	all	all	SCROLL_BOXES	0	29.5		141096	D
relics	all	all	SEAL_OF_GOLD	51	52		28710	C
relics	all	all	SEA_GLASS	24	43.9		28494	D
relics	all	all	SELF_FORMING_CLAY	84	61.9		28857	B
relics	all	all	SERE_TALON	100	67.1		26462	S
relics	all	all	SHOVEL	48	51.1		82094	C
relics	all	all	SHURIKEN	76	59.4		107554	B
relics	all	all	SIGNET_RING	100	72.3		56978	S
relics	all	all	SILKEN_TRESS	0	31.4		123781	D
relics	all	all	SILVER_CRUCIBLE	0	20.5		62106	D
relics	all	all	SLING_OF_COURAGE	84	61.8		21675	B
relics	all	all	SMALL_CAPSULE	0	32.4		90836	D
relics	all	all	SNECKO_EYE	91	64		7407	A
relics	all	all	SNECKO_SKULL	84	61.8		60700	B
relics	all	all	SOZU	44	49.8		11565	C
relics	all	all	SPARKLING_ROUGE	70	57.7		225022	B
relics	all	all	SPIKED_GAUNTLETS	100	69		33881	S
relics	all	all	STONE_CALENDAR	67	56.6		101955	B
relics	all	all	STONE_CRACKER	65	56.3		224197	C
relics	all	all	STONE_HUMIDIFIER	0	32		64314	D
relics	all	all	STORYBOOK	59	54.5		45141	C
relics	all	all	STRAWBERRY	63	55.5		408562	C
relics	all	all	STRIKE_DUMMY	60	54.7		380103	C
relics	all	all	STURDY_CLAMP	85	62.1		112507	A
relics	all	all	SWORD_OF_JADE	100	78.4		44705	S
relics	all	all	SWORD_OF_STONE	0	8.3		98161	D
relics	all	all	SYMBIOTIC_VIRUS	69	57.2		27399	B
relics	all	all	TANXS_WHISTLE	100	73.4		30791	S
relics	all	all	TEA_OF_DISCOURTESY	21	42.9		49553	D
relics	all	all	THE_ABACUS	100	67.6		24139	S
relics	all	all	THE_BOOT	0	35.9		19647	D
relics	all	all	THE_COURIER	67	56.8		99422	B
relics	all	all	THROWING_AXE	100	70.6		53797	S
relics	all	all	TINGSHA	89	63.5		36485	A
relics	all	all	TINY_MAILBOX	68	57.2		194009	B
relics	all	all	TOASTY_MITTENS	60	54.7		16531	C
relics	all	all	TOOLBOX	93	64.7		41480	A
relics	all	all	TOUCH_OF_OROBAS	25	44.1		120871	D
relics	all	all	TOUGH_BANDAGES	100	67.2		16496	S
relics	all	all	TOXIC_EGG	61	55		85938	C
relics	all	all	TOY_BOX	49	51.4		29543	C
relics	all	all	TRI_BOOMERANG	100	70.8		55039	S
relics	all	all	TUNGSTEN_ROD	76	59.5		91061	B
relics	all	all	TUNING_FORK	69	57.4		223810	B
relics	all	all	TWISTED_FUNNEL	83	61.4		28885	B
relics	all	all	UNCEASING_TOP	71	57.9		103461	B
relics	all	all	UNDYING_SIGIL	78	60.2		8195	B
relics	all	all	UNSETTLING_LAMP	71	57.8		101716	B
relics	all	all	VAJRA	61	55		413298	C
relics	all	all	VAMBRACE	67	56.6		226110	B
relics	all	all	VELVET_CHOKER	70	57.7		4198	B
relics	all	all	VENERABLE_TEA_SET	63	55.6		402401	C
relics	all	all	VERY_HOT_COCOA	37	47.8		121418	C
relics	all	all	VEXING_PUZZLEBOX	76	59.6		97645	B
relics	all	all	VITRUVIAN_MINION	75	59.1		5615	B
relics	all	all	WAR_HAMMER	100	71		31286	S
relics	all	all	WAR_PAINT	65	56		415540	C
relics	all	all	WHETSTONE	62	55.2		406911	C
relics	all	all	WHISPERING_EARRING	94	64.9		44785	A
relics	all	all	WHITE_BEAST_STATUE	51	52		78576	C
relics	all	all	WHITE_STAR	53	52.4		71368	C
relics	all	all	WINGED_BOOTS	0	18.8		19774	D
relics	all	all	WING_CHARM	89	63.5		24620	A
relics	all	all	WONGOS_MYSTERY_TICKET	57	53.8		18678	C
relics	all	all	WONGO_CUSTOMER_APPRECIATION_BADGE	64	62.5		32	C
relics	all	all	YUMMY_COOKIE	29	45.4		131825	D
